ETo (in),Precip (in),Sol Rad (Ly/day),Avg Vap Pres (mBars),Avg Air Temp (F),Avg Rel Hum (%),Avg Wind Speed (mph),Wind Run (miles),Avg Soil Temp (F),FIRE_SIZE
0.06,0.0,289.0,4.6,37.6,61.0,3.4,81.1,53.6,1.0
0.05,0.0,267.0,4.7,34.1,70.0,1.6,39.2,46.2,1.0
0.06,0.01,269.0,6.0,42.9,63.0,2.0,47.5,49.2,0.1
0.07,0.0,268.0,6.1,45.6,59.0,4.1,98.6,52.5,0.12
0.06,0.0,289.0,4.6,37.6,61.0,3.4,81.1,53.6,1.0
0.06,0.0,289.0,4.6,37.6,61.0,3.4,81.1,53.6,0.1
0.05,0.0,260.0,2.3,33.9,36.0,2.2,52.5,43.4,0.1
0.06,0.0,288.0,5.2,41.6,58.0,4.4,106.2,56.4,0.01
0.07,0.0,303.0,5.6,44.5,56.0,3.1,73.7,53.2,0.01
0.05,0.0,286.0,1.7,18.1,50.0,3.2,77.0,34.7,0.1
0.1859794472828611,0.0,317.0,1.4,32.5,22.0,2.7,63.6,43.0,0.1
0.05,0.0,297.0,6.0,37.7,78.0,2.9,68.8,41.7,0.1
0.06,0.0,286.0,4.9,39.2,54.759777686290654,2.1,49.3,53.6,0.01
0.06,0.0,286.0,4.9,39.2,54.759777686290654,2.1,49.3,53.6,0.01
0.06,0.0,283.0,5.5,44.8,55.0,1.0,24.9,49.9,0.5
0.03,0.04,148.0,1.4,14.6,47.0,3.6,87.0,33.0,0.1
0.06,0.01,269.0,6.0,42.9,63.0,2.0,47.5,49.2,0.5
0.06,0.0,298.0,7.0,40.9,80.0,2.8,67.4,42.2,0.01
0.07,0.0,293.0,7.2,45.1,70.0,1.9,45.7,53.3,0.1
0.07,0.0,290.0,3.9,36.2,53.0,3.6,85.4,33.9,0.1
0.12,0.0,299.0,4.5,60.9,24.0,5.0,119.4,48.2,0.1
0.07,0.02,258.0,11.5,53.8,82.0,3.3,79.0,56.8,0.02
0.07,0.0,242.0,8.6,59.1,50.0,2.1,49.9,55.7,0.1
0.07,0.0,308.0,5.2,39.1,64.0,2.8,67.1,35.9,0.1
0.06,0.0,241.0,9.7,55.1,65.0,2.8,67.5,53.8,0.01
0.08,0.0,314.0,8.1,49.2,68.0,3.2,76.1,67.23368450150501,0.01
0.12,0.0,327.0,6.3,58.9,37.0,4.9,118.3,67.23368450150501,0.02
0.02,0.04,109.0,5.4,37.9,70.0,3.7,89.8,35.3,0.1
0.08,0.0,299.0,11.3,55.8,75.0,2.5,60.2,57.8,0.1
0.09,0.0,340.0,11.8,56.8,75.0,1.0,24.0,57.2,0.01
0.1,0.37,131.0,8.4,53.4,60.0,2.7,64.8,59.3,1.0
0.08,0.0,331.0,11.8,52.8,87.0,2.0,47.3,62.2,0.01
0.07,0.0,287.0,11.7,55.0,79.0,4.2,99.9,67.23368450150501,0.01
0.12,0.0,379.0,8.4,58.0,51.0,3.2,75.9,55.5,0.1
0.03,0.06,106.0,10.1,55.7,67.0,2.0,47.5,57.8,0.1
0.17,0.0,371.0,6.8,61.3,37.0,7.2,172.0,56.8,23.0
0.11,0.0,397.0,4.3,42.2,47.0,3.7,89.1,40.3,0.1
0.11,0.0,414.0,2.5,38.0,32.0,4.3,104.0,38.6,0.1
0.13,0.02,369.0,6.6,66.3,30.0,2.3,55.9,61.6,0.12
0.15,0.0,414.0,7.3,65.5,34.0,3.9,93.2,61.5,0.2
0.14,0.0,395.0,8.4,58.3,50.0,3.6,86.3,56.1,0.1
0.08,0.0,311.0,12.9,55.4,86.0,3.7,87.9,67.23368450150501,0.12
0.08,0.0,266.0,12.3,61.0,67.0,2.4,58.1,62.9,1.0
0.05,0.0,207.0,12.3,53.0,89.0,2.4,56.9,56.7,0.05
0.04,0.0,167.0,11.9,52.0,90.0,3.6,87.3,59.0,0.1
0.03,0.06,158.0,12.4,55.6,82.0,2.1,50.6,62.1,0.8
0.13,0.0,456.0,6.6,54.9,45.0,4.1,97.8,61.4,0.1
0.12,0.0,436.0,8.3,52.8,61.0,1.9,45.3,55.4,0.25
0.11,0.0,432.0,9.2,50.6,74.0,2.8,67.5,54.4,4.0
0.12,0.0,440.0,8.8,49.4,73.0,4.2,100.5,67.23368450150501,0.01
0.14,0.0,428.0,7.1,61.5,38.0,3.3,79.4,56.4,1.0
0.14,0.0,428.0,7.1,61.5,38.0,3.3,79.4,56.4,1.0
0.13,0.0,422.0,8.7,54.0,61.0,3.6,86.9,55.4,0.1
0.03,0.01,157.0,12.4,54.6,85.0,1.9,45.9,55.6,0.1
0.18,0.0,438.0,9.6,64.2,47.0,6.9,164.9,61.3,2.0
0.08,0.09,301.0,10.9,54.5,75.0,2.6,61.3,56.0,0.01
0.08,0.02,317.0,10.0,50.3,81.0,3.6,86.0,67.23368450150501,0.12
0.1,0.0,363.0,10.5,52.0,79.0,4.4,105.3,56.9,0.25
0.01,0.47,75.0,8.7,44.8,86.0,3.6,86.3,55.1,0.01
0.02,0.0,109.0,10.8,53.0,79.0,4.3,102.2,61.3,1.0
0.06,0.21,276.0,10.0,49.9,82.0,1.9,46.2,55.1,0.25
0.06,0.22,270.0,7.9,43.5,82.0,3.7,89.3,54.5,2.0
0.11,0.0,421.0,8.0,49.1,67.0,3.6,86.1,54.3,4.0
0.12,0.0,488.0,6.8,45.0,66.0,3.5,83.4,55.0,1.0
0.17,0.0,445.0,5.7,59.0,33.0,4.0,96.8,58.5,0.5
0.13,0.0,487.0,3.1,35.9,43.0,4.3,102.2,37.4,0.1
0.14,0.1,470.0,7.4,51.7,57.0,3.2,75.8,57.6,0.5
0.16,0.0,527.0,3.9,58.4,24.0,3.2,76.9,54.4,0.1
0.23,0.0,517.0,4.8,66.0,22.0,7.0,168.9,59.8,1.0
0.22,0.0,533.0,3.4,65.6,16.0,5.7,136.4,54.0,0.25
0.15,0.0,519.0,3.9,54.8,26.0,3.7,89.2,57.0,0.1
0.15,0.0,519.0,3.9,54.8,26.0,3.7,89.2,57.0,0.1
0.2,0.0,510.0,4.7,58.5,28.0,6.2,148.1,54.4,0.1
0.17,0.0,478.0,8.7,58.2,53.0,6.4,154.3,58.3,0.1
0.22,0.0,499.0,3.7,71.3,14.0,4.7,113.8,59.1,0.2
0.2,0.0,487.0,5.5,69.6,22.0,4.2,100.0,60.2,0.1
0.17,0.0,413.0,5.2,66.6,23.0,3.6,85.5,59.7,0.21
0.21,0.0,530.0,4.1,66.3,19.0,4.8,114.4,54.5,0.12
0.16,0.0,508.0,10.4,60.8,57.0,4.2,101.3,60.6,0.01
0.15,0.0,503.0,9.0,62.1,47.0,2.5,60.2,57.2,0.1
0.14,0.0,518.0,2.8,38.5,35.0,3.3,80.2,38.3,0.1
0.18,0.0,475.0,9.1,68.4,38.0,5.1,123.1,61.9,0.1
0.12,0.0,394.0,12.0,57.9,73.0,3.7,88.6,67.23368450150501,0.1
0.18,0.0,492.0,7.6,62.8,39.0,3.1,74.5,56.0,0.25
0.1,0.02,356.0,14.5,59.0,85.0,2.3,56.3,63.5,0.09
0.18,0.0,492.0,7.6,62.8,39.0,3.1,74.5,56.0,0.25
0.15,0.0,494.0,12.4,61.8,66.0,3.1,74.9,61.7,0.4
0.16,0.0,445.0,6.6,63.4,33.0,3.3,78.4,61.4,0.25
0.18,0.0,492.0,7.6,62.8,39.0,3.1,74.5,56.0,0.1
0.1,0.0,237.0,8.0,63.4,40.0,3.7,88.3,56.7,0.1
0.06,0.0,134.0,10.8,64.8,51.0,2.7,64.1,62.3,0.1
0.14,0.0,299.0,8.8,69.6,36.0,4.0,96.2,63.2,1.0
0.21,0.0,523.0,6.9,67.0,31.0,4.7,114.0,57.6,0.1
0.19,0.0,460.0,11.2,71.5,43.0,4.9,117.4,61.5,0.75
0.23,0.0,519.0,5.9,73.9,21.0,5.7,138.0,63.9,0.1
0.18,0.0,444.0,9.0,72.1,33.0,2.4,58.1,66.2,0.01
0.18,0.0,493.0,9.1,66.9,41.0,3.8,92.3,58.2,1.0
0.19,0.0,520.0,6.2,66.3,28.0,4.0,96.8,62.8,5.0
0.22,0.0,519.0,7.6,66.41848091800637,54.759777686290654,6.2,149.1,63.2,0.1
0.16,0.0,508.0,7.5,73.2,27.0,1.0,24.0,58.5,0.02
0.25,0.0,506.0,7.1,75.1,24.0,7.5,180.5,61.8,0.01
0.16,0.0,377.0,7.5,71.5,28.0,2.2,51.9,65.4,0.12
0.21,0.0,480.0,7.2,66.41848091800637,54.759777686290654,5.1,123.5,63.9,0.5
0.17,0.0,413.0,9.5,67.6,41.0,4.0,96.9,67.23368450150501,1.0
0.21,0.0,480.0,7.2,66.41848091800637,54.759777686290654,5.1,123.5,63.9,0.75
0.17,0.0,413.0,9.5,67.6,41.0,4.0,96.9,67.23368450150501,0.5
0.22,0.0,526.0,8.6,70.4,34.0,5.1,122.7,65.3,1.0
0.22,0.0,526.0,8.6,70.4,34.0,5.1,122.7,65.3,1.0
0.22,0.0,516.0,6.4,72.3,24.0,3.8,90.0,63.2,0.01
0.22,0.0,516.0,6.4,72.3,24.0,3.8,90.0,63.2,0.01
0.14,0.0,400.0,11.2,59.3,65.0,3.3,80.2,60.8,1.0
0.16,0.0,446.0,10.7,62.0,56.0,3.5,83.6,67.23368450150501,0.11
0.19,0.0,439.0,7.7,64.6,37.0,4.9,116.9,59.4,0.01
0.16,0.0,489.0,10.6,67.3,46.0,2.3,56.2,63.0,0.01
0.19,0.0,424.0,7.5,68.0,32.0,3.7,89.3,62.3,0.01
0.19,0.0,424.0,7.5,68.0,32.0,3.7,89.3,62.3,0.01
0.19,0.0,424.0,7.5,68.0,32.0,3.7,89.3,62.3,100.0
0.19,0.0,439.0,7.7,64.6,37.0,4.9,116.9,59.4,0.01
0.15,0.0,643.0,11.4,60.6,63.0,5.8,138.2,64.6,0.2
0.15,0.0,643.0,11.4,60.6,63.0,5.8,138.2,64.6,1.0
0.15,0.0,494.0,11.5,55.6,76.0,4.6,110.7,60.5,4.0
0.15,0.0,496.0,15.0,64.3,73.0,7.9,189.0,60.8,0.01
0.12,0.0,432.0,15.1,59.8,86.0,2.8,67.3,63.2,1.0
0.15,0.0,96.0,11.9,62.3,62.0,7.0,167.2,60.3,0.3
0.15,0.0,96.0,11.9,62.3,62.0,7.0,167.2,60.3,2.0
0.14,0.0,336.0,13.0,71.5,49.0,4.1,97.3,67.7,0.25
0.18,0.0,500.0,12.1,64.3,59.0,4.2,101.0,61.7,6.0
0.16,0.0,513.0,6.6,47.7,58.0,4.4,104.7,44.8,0.1
0.17,0.0,530.0,11.1,58.0,67.0,3.7,89.4,67.23368450150501,0.21
0.17,0.0,504.0,12.8,64.2,62.0,4.3,102.7,60.6,0.1
0.2,0.0,539.0,13.5,67.5,59.0,5.2,123.7,65.9,0.1
0.16,0.0,449.0,13.3,66.2,60.0,3.1,75.4,68.2,0.5
0.15,0.0,501.0,12.3,61.0,67.0,2.5,60.2,62.4,0.5
0.2,0.0,535.0,11.2,65.9,51.0,5.3,127.2,60.3,0.1
0.19,0.0,555.0,9.5,64.8,45.0,3.6,87.0,60.9,0.1
0.19,0.0,555.0,9.5,64.8,45.0,3.6,87.0,60.9,0.1
0.17,0.0,545.0,5.4,47.6,48.0,3.5,84.5,44.1,0.3
0.17,0.0,545.0,5.4,47.6,48.0,3.5,84.5,44.1,0.2
0.19,0.0,572.0,10.8,63.3,55.0,4.0,95.5,63.2,0.02
0.15,0.02,425.0,7.4,53.5,53.0,2.3,55.5,57.2,0.2
0.21,0.0,565.0,11.3,73.7,40.0,3.8,90.8,68.5,0.01
0.15,0.0,457.0,12.0,57.4,75.0,4.1,98.7,66.1,0.03
0.14,0.0,448.0,12.3,61.2,67.0,3.8,91.3,63.3,0.01
0.2,0.0,545.0,12.4,72.1,46.0,4.0,96.4,68.4,0.1
0.25,0.0,522.0,9.6,75.6,32.0,7.2,173.1,68.0,0.1
0.19,0.0,545.0,9.3,68.1,40.0,4.2,101.3,63.8,0.1
0.2,0.0,439.0,7.2,74.1,25.0,3.5,83.4,69.0,0.25
0.23,0.0,608.0,5.8,73.4,21.0,3.3,79.7,62.2,0.01
0.23,0.0,578.0,6.0,67.3,26.0,5.1,122.1,65.2,0.1
0.23,0.0,578.0,6.0,67.3,26.0,5.1,122.1,65.2,1.0
0.15,0.0,565.0,12.6,55.7,83.0,3.1,74.9,62.3,0.01
0.18,0.0,588.0,4.0,47.5,36.0,2.9,69.3,45.9,0.25
0.13,0.03,454.0,13.1,55.3,87.0,3.7,87.7,60.7,0.2
0.24,0.0,620.0,7.1,71.1,27.0,4.1,99.3,63.2,0.01
0.13,0.03,454.0,13.1,55.3,87.0,3.7,87.7,60.7,1.0
0.2,0.0,537.0,11.4,61.7,61.0,4.0,96.2,66.8,0.3
0.2,0.03,573.0,6.9,67.9,30.0,2.4,58.1,65.1,0.1
0.24,0.0,578.0,8.7,75.7,29.0,4.5,107.5,68.2,0.25
0.22,0.0,579.0,7.3,67.7,31.0,3.9,92.9,61.9,2.0
0.22,0.0,554.0,8.4,66.8,38.0,4.8,114.4,61.7,0.1
0.18,0.0,579.0,3.3,47.4,30.0,3.2,76.2,46.8,0.1
0.2,0.0,570.0,9.3,64.8,44.0,3.3,80.3,69.4,0.1
0.18,0.0,583.0,14.6,62.5,76.0,3.6,87.4,66.4,0.25
0.21,0.0,587.0,8.5,67.4,37.0,3.4,82.5,62.2,0.01
0.18,0.0,583.0,14.6,62.5,76.0,3.6,87.4,66.4,0.25
0.23,0.0,586.0,9.2,65.2,43.0,5.2,124.9,61.1,0.1
0.17,0.03,549.0,12.6,59.1,73.0,3.4,81.9,66.7,1.5
0.21,0.0,563.0,9.8,63.6,49.0,5.4,129.4,62.3,0.25
0.18,0.0,550.0,10.9,61.9,58.0,4.1,98.9,63.0,0.01
0.19,0.0,583.0,8.2,55.6,54.0,6.7,161.7,61.9,1.0
0.19,0.0,591.0,8.4,58.5,50.0,4.7,112.1,62.7,0.01
0.18,0.0,550.0,10.9,61.9,58.0,4.1,98.9,63.0,0.5
0.17,0.0,536.0,14.0,62.4,73.0,4.4,105.5,67.0,0.1
0.17,0.0,485.0,9.0,57.2,56.0,5.0,119.4,59.6,0.01
0.17,0.0,579.0,10.1,59.6,58.0,2.2,51.9,64.5,0.25
0.21,0.0,590.0,6.2,58.0,37.0,4.9,116.6,67.23368450150501,0.13
0.16,0.0,591.0,2.1,36.9,29.0,3.8,91.0,45.1,0.1
0.23,0.0,600.0,4.4,66.9,19.0,4.2,100.1,62.3,1.0
0.24,0.0,597.0,6.7,67.3,29.0,5.5,131.8,63.1,0.01
0.16,0.0,547.0,9.6,50.0,78.0,5.4,129.6,60.2,0.1
0.17,0.0,628.0,2.5,40.3,29.0,3.6,85.3,44.7,0.1
0.2,0.0,597.0,7.7,59.7,44.0,3.8,91.3,62.3,0.1
0.24,0.0,563.0,4.0,63.2,20.0,5.6,133.4,59.4,4.0
0.17,0.0,584.0,9.9,53.3,71.0,5.0,119.5,61.8,0.3
0.22,0.0,598.0,4.1,65.7,19.0,4.0,95.9,68.3,2.0
0.19,0.0,582.0,11.7,59.3,68.0,5.8,138.9,65.3,0.25
0.16,0.0,636.0,2.7,35.5,39.0,5.7,137.2,44.6,10.0
0.18,0.0,579.0,10.1,57.9,62.0,5.1,121.6,64.9,0.25
0.18,0.0,554.0,9.4,55.3,63.0,6.1,145.8,60.3,1.0
0.14,0.0,408.0,9.6,54.2,67.0,5.0,120.7,59.4,0.1
0.16,0.11,516.0,7.8,54.1,55.0,4.5,108.1,60.7,0.1
0.21,0.0,612.0,8.1,62.6,42.0,5.8,139.4,66.1,0.5
0.16,0.11,516.0,7.8,54.1,55.0,4.5,108.1,60.7,0.1
0.17,0.03,578.0,10.3,57.8,63.0,4.1,97.4,64.5,1.0
0.17,0.0,617.0,7.0,51.0,55.0,4.3,102.5,61.7,1.0
0.17,0.0,578.0,9.6,56.1,63.0,3.8,91.4,63.1,0.01
0.17,0.01,486.0,9.8,57.5,61.0,4.4,105.0,59.2,0.1
0.18,0.01,512.0,8.8,54.7,60.0,6.1,145.5,59.1,7.0
0.19,0.0,576.0,9.0,58.7,53.0,4.6,110.0,60.3,0.3
0.19,0.0,576.0,9.0,58.7,53.0,4.6,110.0,60.3,1.5
0.19,0.0,601.0,8.7,59.3,50.0,3.9,94.3,61.3,0.01
0.22,0.0,636.0,14.0,71.2,54.0,4.4,104.6,68.8,0.01
0.26,0.0,723.0,13.2,70.3,52.0,6.6,158.1,71.0,0.01
0.21,0.0,601.0,11.3,62.8,58.0,4.9,116.6,57.6,0.5
0.19,0.0,608.0,13.8,63.0,70.0,2.3,55.7,64.2,1.0
0.22,0.01,576.0,8.2,60.4,45.0,5.4,128.6,60.2,0.25
0.27,0.0,630.0,10.6,75.9,35.0,6.3,152.4,68.6,0.2
0.27,0.0,672.0,3.2,65.6,15.0,5.5,131.6,61.9,0.01
0.24,0.0,632.0,6.2,65.2,29.0,4.6,110.0,60.7,1.0
0.24,0.0,612.0,8.5,64.8,41.0,4.9,116.8,61.5,0.1
0.1,0.0,318.0,14.4,62.2,75.0,3.4,81.6,68.6,0.25
0.06,0.0,184.0,10.5,58.3,63.0,3.6,85.5,63.4,0.2
0.06,0.0,184.0,10.5,58.3,63.0,3.6,85.5,63.4,0.1
0.07,0.0,211.0,10.7,57.6,66.0,4.7,112.1,62.3,0.1
0.07,0.0,211.0,10.7,57.6,66.0,4.7,112.1,62.3,0.2
0.06,0.0,184.0,10.5,58.3,63.0,3.6,85.5,63.4,0.1
0.12,0.01,419.0,12.5,55.8,82.0,4.1,97.6,61.6,0.01
0.25,0.0,583.0,9.3,70.3,37.0,7.0,169.0,68.6,1.0
0.15,0.0,455.0,10.6,59.3,61.0,5.7,137.6,62.5,0.1
0.12,0.01,419.0,12.5,55.8,82.0,4.1,97.6,61.6,0.01
0.09,0.0,297.0,10.6,55.6,70.0,4.1,97.8,60.5,4.0
0.08,0.0,258.0,11.7,59.3,68.0,4.4,106.0,62.7,0.1
0.09,0.0,298.0,10.5,56.4,68.0,3.1,74.0,67.1,1.5
0.09,0.05,318.0,13.3,57.3,83.0,2.5,59.3,61.4,0.5
0.24,0.0,533.0,11.1,69.5,45.0,7.7,185.3,68.3,0.01
0.01,0.0,97.0,14.0,55.6,93.0,3.0,72.3,64.8,0.01
0.05,0.01,203.0,13.6,58.3,82.0,4.8,115.7,64.4,0.1
0.12,0.03,415.0,10.9,52.9,79.0,3.4,81.6,59.1,0.1
0.04,0.03,175.0,12.9,55.0,87.0,7.4,178.6,60.5,8.0
0.22,0.0,653.0,10.6,61.1,58.0,4.9,118.2,62.8,0.1
0.28,0.0,639.0,8.6,72.7,31.0,6.8,162.9,68.3,0.1
0.25,0.0,632.0,10.2,67.6,44.0,4.5,107.2,67.1,0.01
0.3,0.0,670.0,7.9,76.7,25.0,5.4,128.5,68.2,0.02
0.29,0.0,705.0,6.3,73.3,23.0,4.1,99.5,64.3,0.25
0.29,0.0,705.0,6.3,73.3,23.0,4.1,99.5,64.3,0.25
0.3,0.0,658.0,6.8,79.9,20.0,4.7,111.6,70.1,1.0
0.28,0.0,605.0,5.8,74.5,20.0,4.6,110.7,63.0,5.0
0.27,0.0,613.0,10.3,70.3,41.0,4.8,114.2,70.8,2.0
0.16,0.03,564.0,13.0,55.5,86.0,3.8,91.8,63.0,0.01
0.34,0.0,660.0,9.2,82.5,24.0,7.1,169.4,71.1,80.0
0.18,0.0,635.0,12.0,56.4,77.0,2.8,67.5,66.2,0.4
0.34,0.0,660.0,9.2,82.5,24.0,7.1,169.4,71.1,0.25
0.3,0.0,635.0,11.9,79.0,35.0,6.3,150.4,71.7,4.0
0.2,0.0,576.0,14.7,64.8,70.0,5.5,131.1,72.5,2.0
0.19,0.0,625.0,13.5,59.6,78.0,3.2,76.7,66.0,0.25
0.27,0.0,749.0,14.7,70.7,58.0,5.2,125.4,73.7,0.01
0.19,0.0,815.0,11.4,61.6,61.0,8.3,200.0,65.3,0.01
0.17,0.0,462.0,10.6,59.6,61.0,6.8,162.4,64.6,0.1
0.17,0.0,462.0,10.6,59.6,61.0,6.8,162.4,64.6,0.01
0.15,0.0,534.0,9.8,51.5,75.0,3.9,92.5,59.6,2.0
0.13,0.0,425.0,13.3,57.7,81.0,5.0,119.4,70.0,1.0
0.14,0.0,500.0,10.6,54.4,74.0,5.0,120.6,67.23368450150501,0.12
0.15,0.0,459.0,10.8,56.6,69.0,7.2,172.4,64.6,0.5
0.21,0.05,592.0,10.6,56.1,69.0,11.8,282.2,61.5,0.01
0.26,0.0,675.0,11.4,66.2,52.0,8.3,199.0,71.5,0.25
0.07,0.15,270.0,10.8,53.5,77.0,4.5,106.9,67.23368450150501,0.11
0.18,0.0,492.0,9.5,56.0,62.0,10.0,239.0,63.7,3.6
0.1,0.0,378.0,10.5,54.0,74.0,3.3,79.7,66.3,0.01
0.04,0.16,222.0,11.0,50.5,88.0,2.6,63.5,63.8,0.25
0.06,0.44,253.0,10.8,50.4,87.0,4.6,109.6,61.1,2.0
0.09,0.22,506.0,4.5,30.2,78.0,4.6,111.2,48.3,0.3
0.11,0.0,383.0,11.3,56.9,72.0,4.2,102.0,61.7,1.0
0.18,0.0,603.0,12.8,59.3,74.0,3.1,73.6,67.0,0.1
0.22,0.0,671.0,13.4,62.6,69.0,4.1,97.4,65.3,0.1
0.2,0.0,586.0,14.4,61.8,77.0,4.0,97.1,69.3,0.1
0.33,0.0,681.0,8.6,79.3,25.0,6.8,162.1,70.4,0.12
0.31,0.0,694.0,5.8,63.8,29.0,10.8,260.2,61.9,0.1
0.23,0.0,674.0,11.5,62.5,60.0,4.7,113.2,66.4,1.0
0.2,0.0,584.0,9.9,59.3,58.0,7.0,168.0,63.8,0.1
0.19,0.0,679.0,3.5,43.3,37.0,4.1,99.5,52.0,0.1
0.06,0.31,241.0,10.0,55.1,67.0,3.7,88.7,64.9,0.01
0.19,0.0,442.0,10.9,66.7,49.0,7.0,167.0,71.0,0.01
0.11,0.09,484.0,4.4,33.2,69.0,5.0,119.1,50.6,0.1
0.11,0.09,484.0,4.4,33.2,69.0,5.0,119.1,50.6,0.1
0.06,0.31,241.0,10.0,55.1,67.0,3.7,88.7,64.9,0.01
0.08,0.1,0.0,11.7,49.3,98.0,1.5,35.8,61.6,1.0
0.07,0.29,300.0,12.2,54.9,83.0,3.5,84.5,60.7,0.1
0.16,0.0,547.0,11.2,52.3,83.0,5.4,130.7,63.4,0.04
0.11,0.0,356.0,11.9,57.5,73.0,5.9,141.7,61.6,0.1
0.23,0.0,652.0,12.3,63.1,62.0,5.3,126.9,67.7,0.1
0.2,0.0,682.0,11.7,56.2,75.0,5.0,118.9,67.23368450150501,0.1
0.2,0.0,682.0,11.7,56.2,75.0,5.0,118.9,67.23368450150501,0.12
0.14,0.0,582.0,8.2,42.2,90.0,4.9,116.8,47.7,0.1
0.11,0.0,400.0,13.1,55.8,86.0,2.9,70.1,64.2,0.01
0.15,0.0,492.0,13.6,59.3,79.0,4.7,112.6,67.5,1.0
0.13,0.04,503.0,9.4,46.4,88.0,5.3,126.4,48.4,0.1
0.17,0.0,561.0,10.6,58.0,65.0,3.2,77.2,63.6,0.1
0.18,0.0,694.0,4.6,39.4,56.0,3.8,91.9,50.5,51000.0
0.18,0.0,694.0,4.6,39.4,56.0,3.8,91.9,50.5,31359.0
0.32,0.0,679.0,10.1,72.4,37.0,10.3,248.4,69.5,0.2
0.32,0.0,679.0,10.1,72.4,37.0,10.3,248.4,69.5,0.2
0.19,0.0,576.0,13.6,61.2,73.0,4.1,98.0,71.3,1.0
0.19,0.0,576.0,13.6,61.2,73.0,4.1,98.0,71.3,1.0
0.3,0.0,683.0,11.0,74.1,38.0,8.3,199.0,69.7,60.0
0.21,0.0,616.0,11.5,60.4,64.0,6.7,160.0,64.0,0.1
0.16,0.0,530.0,12.1,57.5,75.0,5.3,126.2,67.23368450150501,0.21
0.2,0.0,577.0,12.8,59.8,73.0,7.6,182.0,61.4,4.0
0.11,0.0,340.0,12.0,57.9,73.0,6.9,165.6,62.6,0.01
0.33,0.0,666.0,9.5,72.1,35.0,10.8,260.2,70.5,1.0
0.07,0.0,245.0,10.4,56.3,67.0,3.3,79.5,63.2,0.01
0.09,0.07,312.0,11.8,58.7,70.0,3.2,76.6,67.9,1800.0
0.08,0.0,266.0,12.7,60.0,72.0,5.1,123.2,71.2,3.5
0.13,0.0,364.0,10.8,58.5,65.0,7.4,177.6,63.8,0.5
0.07,0.02,255.0,11.1,58.4,66.0,2.7,64.9,64.2,3.0
0.04,0.0,90.0,10.9,58.8,64.0,3.8,90.0,64.8,0.5
0.02,0.0,177.0,8.4,40.4,99.0,6.2,149.3,49.8,1.0
0.04,0.03,178.0,12.7,56.0,83.0,5.4,129.7,61.9,0.01
0.12,0.0,420.0,12.9,57.7,79.0,5.1,121.2,63.4,0.01
0.14,0.0,400.0,11.9,59.4,69.0,6.7,160.7,60.8,3.0
0.17,0.0,594.0,12.8,59.8,73.0,3.2,76.3,68.9,1.0
0.29,0.0,682.0,11.9,71.4,45.0,8.6,207.2,70.1,5.0
0.24,0.0,686.0,11.2,58.5,67.0,10.6,253.3,61.0,0.2
0.05,0.0,206.0,14.2,59.6,82.0,3.1,73.9,69.4,0.01
0.05,0.0,206.0,14.2,59.6,82.0,3.1,73.9,69.4,0.01
0.09,0.0,305.0,12.7,60.4,71.0,4.3,103.9,62.8,0.1
0.09,0.0,305.0,12.7,60.4,71.0,4.3,103.9,62.8,0.01
0.11,0.0,388.0,14.0,58.7,83.0,2.5,59.5,63.5,0.01
0.09,0.0,308.0,12.5,57.5,77.0,4.7,113.1,62.3,1.0
0.21,0.0,622.0,12.5,60.0,71.0,6.0,143.5,62.4,0.02
0.14,0.0,456.0,13.1,58.4,78.0,3.8,90.4,63.7,0.2
0.13,0.0,470.0,12.0,54.3,84.0,5.0,120.5,66.4,0.25
0.14,0.0,462.0,13.6,61.0,74.0,4.4,106.4,63.2,0.5
0.14,0.0,472.0,12.6,58.6,75.0,2.9,69.5,63.5,415.0
0.14,0.0,456.0,13.1,58.4,78.0,3.8,90.4,63.7,0.1
0.11,0.0,360.0,7.9,59.1,46.0,2.3,55.1,63.9,2.0
0.14,0.0,472.0,12.6,58.6,75.0,2.9,69.5,63.5,238.0
0.13,0.0,419.0,14.8,61.6,79.0,4.6,110.5,59.8,1.0
0.14,0.0,462.0,13.6,61.0,74.0,4.4,106.4,63.2,0.1
0.13,0.0,425.0,14.8,60.5,82.0,4.2,100.9,62.1,0.05
0.16,0.0,519.0,12.6,59.9,72.0,3.7,88.8,70.0,5.0
0.11,0.0,360.0,7.9,59.1,46.0,2.3,55.1,63.9,7.4
0.19,0.0,540.0,15.5,64.7,74.0,5.7,136.8,62.6,0.01
0.18,0.0,532.0,13.1,63.6,65.0,4.3,102.1,65.9,0.25
0.18,0.0,626.0,12.8,58.6,76.0,3.3,80.0,66.3,0.01
0.21,0.0,629.0,13.8,65.5,64.0,5.0,118.9,65.2,0.1
0.11,0.0,407.0,16.8,61.7,90.0,4.1,97.7,67.1,0.01
0.11,0.0,407.0,16.8,61.7,90.0,4.1,97.7,67.1,0.5
0.29,0.0,692.0,12.1,79.8,35.0,5.0,119.8,75.0,0.25
0.13,0.0,451.0,14.9,61.6,80.0,4.1,97.7,67.9,80.0
0.24,0.0,663.0,13.7,68.5,57.0,4.2,100.1,65.8,0.01
0.25,0.06,699.0,8.5,60.7,47.0,4.5,107.5,53.1,0.1
0.15,0.02,549.0,12.5,53.0,91.0,4.0,95.3,63.8,0.01
0.17,0.0,589.0,10.0,47.5,90.0,6.5,155.4,66.0,211.0
0.2,0.0,628.0,16.2,63.6,81.0,3.7,89.8,70.3,0.01
0.23,0.0,647.0,5.9,57.6,36.0,3.3,79.2,58.8,0.01
0.29,0.0,690.0,12.9,82.3,34.0,3.7,89.6,77.4,1.0
0.2,0.03,581.0,10.8,58.0,66.0,3.1,75.1,63.4,0.2
0.23,0.0,627.0,17.4,68.0,75.0,4.7,112.2,66.0,0.1
0.08,0.0,342.0,16.9,57.8,100.0,3.7,88.5,68.1,1.0
0.2,0.0,589.0,16.8,65.6,78.0,4.4,105.3,72.6,0.01
0.23,0.0,627.0,17.4,68.0,75.0,4.7,112.2,66.0,0.1
0.16,0.0,580.0,14.1,59.7,81.0,3.5,83.0,70.3,0.01
0.19,0.02,630.0,13.3,57.7,82.0,4.0,97.1,63.5,0.01
0.24,0.03,698.0,7.3,59.9,42.0,7.1,169.4,55.4,0.1
0.25,0.0,660.0,12.7,68.9,52.0,4.9,117.8,68.5,180.0
0.22,0.0,704.0,14.2,60.6,78.0,4.9,118.6,67.23368450150501,0.21
0.28,0.0,717.0,12.0,68.3,51.0,6.2,148.7,67.6,0.1
0.31,0.0,752.0,10.0,83.0,26.0,5.1,122.3,77.2,0.5
0.09,0.03,307.0,14.2,61.8,76.0,2.7,65.2,69.5,0.1
0.2,0.0,0.0,12.120135057471265,55.7,54.759777686290654,1.5,35.8,65.3,1.0
0.2,0.0,0.0,12.120135057471265,55.7,54.759777686290654,1.5,35.8,65.3,0.6
0.19,0.0,573.0,13.5,64.0,66.0,6.4,152.9,67.6,1.0
0.22,0.0,618.0,15.1,64.6,73.0,4.7,112.9,72.4,1.0
0.22,0.0,681.0,13.5,65.2,63.0,5.3,126.6,69.5,0.5
0.21,0.06,726.0,9.5,53.7,67.0,6.4,153.9,55.3,1.0
0.22,0.0,681.0,13.5,65.2,63.0,5.3,126.6,69.5,0.01
0.09,0.0,314.0,14.4,63.4,72.0,4.8,115.9,69.7,0.01
0.12,0.0,359.0,13.4,60.7,74.0,6.6,157.3,65.5,1.5
0.17,0.0,498.0,13.2,62.4,69.0,7.2,173.0,67.7,100.0
0.17,0.0,498.0,13.2,62.4,69.0,7.2,173.0,67.7,0.01
0.17,0.0,498.0,13.2,62.4,69.0,7.2,173.0,67.7,0.01
0.17,0.0,498.0,13.2,62.4,69.0,7.2,173.0,67.7,1.0
0.16,0.0,509.0,14.7,61.1,80.0,3.6,85.3,67.1,0.1
0.14,0.0,445.0,13.2,64.3,64.0,4.6,109.3,70.1,0.1
0.17,0.03,620.0,9.5,52.7,70.0,7.4,178.5,55.5,1.0
0.14,0.0,445.0,13.2,64.3,64.0,4.6,109.3,70.1,0.01
0.14,0.02,451.0,13.1,59.7,75.0,5.0,119.8,67.5,1.0
0.17,0.0,498.0,13.2,62.4,69.0,7.2,173.0,67.7,0.01
0.09,0.0,321.0,12.2,57.7,75.0,4.6,110.4,67.23368450150501,0.12
0.29,0.0,614.0,11.8,77.7,36.0,7.4,177.5,76.0,0.1
0.22,0.0,620.0,11.6,63.6,58.0,6.2,148.7,67.5,0.01
0.19,0.05,591.0,12.3,60.1,69.0,3.3,78.0,63.6,0.01
0.23,0.0,671.0,11.7,61.0,64.0,5.9,141.7,67.5,1.0
0.22,0.0,620.0,11.6,63.6,58.0,6.2,148.7,67.5,0.1
0.15,0.01,446.0,13.7,64.5,66.0,3.9,94.4,73.9,0.11
0.22,0.0,620.0,11.6,63.6,58.0,6.2,148.7,67.5,0.25
0.2,0.0,688.0,4.3,44.9,43.0,3.6,87.2,56.4,0.01
0.15,0.01,446.0,13.7,64.5,66.0,3.9,94.4,73.9,0.12
0.23,0.0,671.0,11.7,61.0,64.0,5.9,141.7,67.5,0.25
0.17,0.0,569.0,5.2,50.1,42.0,3.2,76.1,56.4,0.1
0.2,0.0,622.0,12.7,65.6,59.0,4.1,97.7,69.9,0.01
0.26,0.0,705.0,12.9,72.9,47.0,2.5,60.9,69.9,0.12
0.29,0.0,736.0,14.0,83.1,36.0,4.0,96.1,77.1,0.1
0.14,0.02,522.0,13.8,55.7,91.0,4.0,95.8,65.2,0.1
0.28,0.0,751.0,13.4,73.1,48.0,4.0,95.6,69.7,0.1
0.28,0.0,751.0,13.4,73.1,48.0,4.0,95.6,69.7,1.0
0.22,0.0,670.0,14.7,63.1,75.0,4.2,101.3,67.23368450150501,0.5
0.29,0.0,679.0,11.7,80.8,32.0,5.0,118.9,68.6,0.01
0.35,0.0,723.0,11.2,86.8,26.0,6.6,157.4,75.0,1.0
0.1859794472828611,0.0,765.0,5.9,84.6,15.0,5.3,128.0,68.8,0.1
0.04,0.07,176.0,13.5,63.2,68.0,3.2,75.8,57.2,0.01
0.03,0.0,154.0,16.4,62.5,85.0,3.1,74.3,67.23368450150501,1.5
0.05,0.04,143.0,13.0,66.1,59.0,2.5,59.2,65.8,4.0
0.06,0.01,153.0,14.1,71.6,53.0,3.2,76.6,67.8,3.0
0.05,0.04,143.0,13.0,66.1,59.0,2.5,59.2,65.8,0.25
0.09,0.01,203.0,14.8,74.7,50.0,2.9,69.0,76.8,0.5
0.14,0.0,293.0,15.7,77.9,48.0,4.6,110.8,67.2,1.0
0.2,0.0,350.0,20.0,81.3,55.0,9.3,224.3,76.2,0.2
0.24,0.0,689.0,17.9,68.6,75.0,4.8,115.4,67.23368450150501,0.12
0.18,0.0,607.0,15.2,56.9,96.0,4.5,107.3,70.0,0.02
0.2,0.02,549.0,16.5,68.0,71.0,4.7,112.9,71.3,0.1
0.22,0.06,697.0,11.6,59.4,67.0,3.9,93.5,58.2,0.25
0.13,0.0,473.0,18.0,67.0,80.0,3.5,84.6,66.6,0.01
0.19,0.01,559.0,16.4,68.5,69.0,4.8,114.9,72.0,21.0
0.21,0.0,568.0,16.9,68.2,72.0,4.7,113.1,69.0,12.0
0.09,0.0,306.0,17.0,65.5,79.0,3.8,90.1,70.4,214.0
0.09,0.0,306.0,17.0,65.5,79.0,3.8,90.1,70.4,214.0
0.28,0.0,701.0,20.1,86.6,47.0,4.2,101.6,81.6,1.0
0.18,0.01,549.0,16.1,67.9,69.0,4.6,110.5,72.8,0.1
0.27,0.0,688.0,16.9,74.0,59.0,4.9,116.6,70.8,0.1
0.27,0.0,688.0,16.9,74.0,59.0,4.9,116.6,70.8,0.1
0.27,0.0,704.0,21.5,87.6,48.0,3.1,74.4,82.9,0.2
0.29,0.0,722.0,15.1,78.3,46.0,4.1,98.0,71.3,3.0
0.31,0.0,726.0,12.4,76.8,39.0,5.0,119.4,72.4,1.0
0.29,0.0,706.0,15.0,75.4,50.0,4.9,116.9,68.5,0.1
0.3,0.0,726.0,13.0,79.0,39.0,4.4,104.6,71.6,0.01
0.24,0.0,726.0,13.9,61.8,74.0,4.3,103.7,67.23368450150501,0.6
0.31,0.0,722.0,13.3,77.3,42.0,5.3,127.8,72.0,0.1
0.31,0.0,722.0,13.3,77.3,42.0,5.3,127.8,72.0,0.1
0.3,0.0,667.0,10.3,76.8,33.0,5.0,120.0,69.7,4.0
0.35,0.0,713.0,11.8,92.0,23.0,5.8,139.6,81.4,1.0
0.31,0.0,726.0,12.0,79.4,35.0,4.8,115.1,71.5,0.1
0.31,0.0,714.0,10.9,79.5,32.0,5.1,121.3,68.4,0.01
0.3,0.0,784.0,12.1,77.9,37.0,4.0,95.0,72.6,0.01
0.3,0.0,784.0,12.1,77.9,37.0,4.0,95.0,72.6,0.1
0.28,0.06,750.0,6.9,67.6,30.0,6.0,144.0,59.3,1.0
0.29,0.0,778.0,2.3,66.9,10.0,5.4,130.6,61.4,0.1
0.41,0.0,733.0,8.4,96.0,15.0,7.6,181.3,81.9,0.1
0.41,0.0,733.0,8.4,96.0,15.0,7.6,181.3,81.9,1.0
0.32,0.0,722.0,8.0,78.5,24.0,5.1,123.6,71.2,0.01
0.29,0.0,778.0,2.3,66.9,10.0,5.4,130.6,61.4,0.1
0.19,0.03,648.0,16.0,62.3,83.0,3.2,75.9,74.3,80.0
0.32,0.0,792.0,10.6,80.4,30.0,4.1,99.4,71.7,0.01
0.26,0.0,745.0,11.8,68.6,49.0,4.5,108.5,69.7,0.01
0.32,0.0,792.0,10.6,80.4,30.0,4.1,99.4,71.7,0.01
0.26,0.02,604.0,7.6,73.9,27.0,3.2,76.2,66.6,0.01
0.24,0.03,605.0,8.4,67.4,37.0,2.7,65.1,66.7,2.0
0.21,0.0,682.0,13.2,58.2,80.0,4.5,106.9,70.8,1.0
0.3,0.0,696.0,10.4,78.5,31.0,4.4,105.6,71.6,0.01
0.22,0.03,595.0,11.1,67.1,49.0,2.8,66.2,66.2,0.2
0.29,0.0,698.0,13.4,77.9,41.0,4.5,108.5,68.0,0.01
0.22,0.0,689.0,18.9,68.1,80.0,2.8,67.3,74.3,0.01
0.29,0.0,698.0,13.4,77.9,41.0,4.5,108.5,68.0,0.1
0.2,0.0,677.0,14.3,57.2,89.0,4.5,107.3,71.6,0.5
0.23,0.0,678.0,14.6,62.6,75.0,4.3,103.4,67.23368450150501,0.3
0.2,0.01,417.0,10.0,79.7,29.0,3.8,90.5,71.8,0.05
0.16,0.0,491.0,15.0,62.7,77.0,4.2,100.0,67.23368450150501,0.12
0.18,0.0,364.0,20.3,90.0,42.0,4.1,98.1,81.0,0.1
0.2,0.0,434.0,12.0,80.6,34.0,4.7,112.6,71.9,0.5
0.2,0.0,434.0,12.0,80.6,34.0,4.7,112.6,71.9,0.1
0.23,0.0,539.0,13.8,81.3,38.0,3.7,88.2,75.3,0.01
0.14,0.0,444.0,10.5,64.2,51.0,2.3,54.4,63.2,0.1
0.17,0.01,611.0,13.2,56.0,86.0,4.4,104.8,66.8,0.01
0.29,0.0,567.0,20.8,92.5,40.0,5.8,140.1,84.9,0.01
0.21,0.07,516.0,20.7,78.9,62.0,4.6,109.5,77.7,0.1
0.23,0.0,540.0,14.0,80.7,39.0,3.5,83.9,75.2,0.1
0.1859794472828611,0.0,690.0,13.2,91.6,26.0,5.8,138.7,75.6,0.1
0.2,0.11,544.0,14.2,68.4,60.0,4.2,100.9,62.8,0.01
0.19,0.0,329.0,24.4,88.1,54.0,7.2,173.8,81.7,1.0
0.07,0.09,257.0,16.3,66.4,74.0,3.2,76.9,63.1,0.1
0.18,0.0,545.0,21.6,70.7,84.0,3.8,91.3,74.7,0.01
0.2,0.0,546.0,16.9,68.5,71.0,4.3,103.7,67.23368450150501,52.0
0.24,0.0,581.0,14.6,76.4,47.0,4.2,100.4,74.7,1.0
0.22,0.0,640.0,19.8,72.3,73.0,2.5,61.0,71.7,0.1
0.05,0.012056074766355139,491.0,12.120135057471265,73.9,54.759777686290654,4.168932400665099,100.04498308583224,74.4,0.25
0.08,0.0,318.0,20.2,66.5,91.0,3.9,92.6,74.0,0.01
0.16,0.0,0.0,17.7,62.3,92.0,1.5,35.6,71.8,0.1
0.23,0.0,617.0,16.8,71.6,64.0,4.9,116.8,73.1,0.1
0.32,0.0,663.0,15.4,89.6,32.0,5.6,133.9,83.1,0.01
0.25,0.06,718.0,11.4,63.3,57.0,5.0,119.2,62.3,0.4
0.2,0.0,551.0,15.7,69.1,64.0,4.8,115.8,72.8,0.05
0.14,0.0,396.0,15.7,66.1,72.0,5.1,123.3,76.7,2.0
0.2,0.0,535.0,16.1,68.3,68.0,7.5,179.5,72.7,0.01
0.3,0.0,954.0,14.3,88.4,31.0,6.1,146.1,83.9,0.25
0.27,0.0,611.0,0.1,67.9,54.759777686290654,8.2,197.2,75.7,0.1
0.22,0.0,594.0,14.4,68.0,62.0,7.8,187.1,72.3,100.0
0.19,0.01,592.0,16.0,63.7,79.0,4.6,110.5,68.5,0.1
0.16,0.0,471.0,15.1,66.3,69.0,4.7,112.9,69.4,0.05
0.17,0.0,539.0,16.4,68.5,69.0,2.8,67.9,71.3,55.0
0.19,0.01,592.0,16.0,63.7,79.0,4.6,110.5,68.5,0.1
0.19,0.01,564.0,14.1,63.2,71.0,3.1,74.6,69.1,5.0
0.17,0.0,539.0,16.4,68.5,69.0,2.8,67.9,71.3,55.0
0.26,0.0,692.0,14.3,70.9,55.0,4.5,107.8,71.4,0.01
0.21,0.0,660.0,18.0,67.8,77.0,3.1,75.1,74.2,0.01
0.26,0.0,656.0,15.9,72.2,59.0,4.8,114.1,68.9,0.2
0.21,0.02,614.0,15.6,64.3,76.0,4.4,105.9,68.4,0.01
0.21,0.02,614.0,15.6,64.3,76.0,4.4,105.9,68.4,0.25
0.25,0.0,683.0,17.7,74.8,60.0,3.7,88.2,70.7,0.04
0.25,0.0,737.0,5.0,57.7,31.0,3.4,82.0,61.0,0.1
0.26,0.0,692.0,14.5,71.0,56.0,4.1,98.7,80.7,0.1
0.29,0.0,647.0,12.0,73.8,42.0,5.9,140.6,70.4,0.1
0.21,0.0,651.0,15.7,64.0,77.0,5.0,119.9,67.23368450150501,0.02
0.22,0.0,604.0,17.7,69.5,72.0,4.7,113.8,72.6,3.1
0.2,0.0,618.0,18.3,69.5,74.0,3.4,81.4,75.9,0.01
0.23,0.15,687.0,16.6,67.2,73.0,4.0,96.1,74.6,198.0
0.2,0.01,580.0,13.5,61.6,72.0,3.1,74.2,70.4,0.75
0.26,0.0,667.0,13.8,72.0,51.0,5.9,142.5,71.8,0.1
0.22,0.0,660.0,17.1,67.9,73.0,4.0,96.6,75.6,0.1
0.21,0.0,660.0,15.0,59.7,86.0,4.4,106.2,74.7,0.1
0.21,0.0,678.0,15.9,64.5,77.0,3.0,72.5,72.3,2446.0
0.21,0.0,678.0,15.9,64.5,77.0,3.0,72.5,72.3,2446.0
0.15,0.0,196.0,28.0,79.6,81.0,4.9,117.1,82.4,1.0
0.16,0.0,3.0,24.9,71.7,94.0,6.1,146.8,72.0,1.0
0.14,0.39,398.0,23.6,74.9,80.0,4.0,96.3,69.3,0.01
0.23,0.12,574.0,25.6,77.5,54.759777686290654,5.3,126.5,77.3,311.0
0.15,0.0,500.0,18.4,64.2,90.0,4.0,97.1,71.1,1.0
0.22,0.0,612.0,17.6,74.2,61.0,3.6,86.1,75.7,1.0
0.23,0.01,721.0,5.9,54.9,40.0,2.9,70.4,61.4,55.0
0.23,0.01,721.0,5.9,54.9,40.0,2.9,70.4,61.4,55.0
0.23,0.07,708.0,12.7,62.1,67.0,4.8,115.9,61.3,0.1
0.23,0.0,662.0,15.2,61.3,82.0,4.3,103.4,73.6,0.01
0.36,0.0,696.0,11.0,93.7,20.0,7.2,172.1,83.4,0.01
0.24,0.08,674.0,11.4,67.3,50.0,5.8,138.1,60.8,0.1
0.25,0.06,718.0,10.2,64.5,49.0,6.8,162.6,61.0,0.1
0.34,0.0,704.0,10.3,91.5,20.0,5.8,139.3,84.1,0.25
0.22,0.0,666.0,14.3,73.0,51.0,1.4,34.3,72.8,0.01
0.24,0.0,689.0,15.0,77.2,47.0,1.3,30.0,72.6,0.1
0.13,0.03,453.0,17.0,61.4,91.0,3.5,83.4,69.7,0.25
0.2,0.0,561.0,20.5,69.4,83.0,4.7,112.0,74.0,0.01
0.14,0.01,472.0,17.7,63.2,90.0,4.0,97.0,69.8,0.2
0.29,0.0,583.0,20.6,94.2,38.0,5.0,119.8,86.0,0.25
0.22,0.0,633.0,18.0,68.4,76.0,3.2,75.7,73.7,1.0
0.33,0.0,611.0,18.9,94.3,34.0,6.2,148.6,83.3,0.01
0.23,0.0,623.0,17.6,76.4,57.0,4.0,95.1,77.6,0.01
0.29,0.0,628.0,10.6,91.7,21.0,3.6,86.2,81.6,0.1
0.23,0.0,623.0,17.6,76.4,57.0,4.0,95.1,77.6,0.01
0.24,0.0,645.0,16.4,70.0,65.0,4.4,106.1,71.5,0.01
0.2,0.01,593.0,20.1,74.1,70.0,2.2,52.1,75.7,6.0
0.27,0.0,597.0,13.5,77.9,41.0,4.7,113.1,73.0,0.01
0.26,0.0,671.0,15.0,81.9,40.0,4.9,118.7,79.3,1.0
0.29,0.0,604.0,18.6,93.3,35.0,4.9,118.0,84.1,0.2
0.06,0.02,245.0,17.4,61.3,94.0,3.8,90.1,68.7,0.25
0.16,0.11,482.0,10.1,60.8,55.0,2.6,63.2,62.0,0.1
0.26,0.01,653.0,15.4,71.5,58.0,5.4,130.2,74.6,0.25
0.21,0.0,612.0,18.2,69.7,74.0,4.2,100.1,77.4,0.01
0.22,0.0,647.0,16.0,73.2,57.0,1.6,39.0,73.7,0.1
0.21,0.0,625.0,14.8,71.7,56.0,1.4,33.9,72.9,13.0
0.22,0.0,640.0,15.6,63.8,77.0,4.3,103.3,67.23368450150501,0.29
0.21,0.0,641.0,15.7,70.9,61.0,1.4,33.4,72.7,0.1
0.24,0.0,690.0,5.4,59.7,31.0,3.4,81.3,60.5,0.1
0.17,0.03,519.0,16.2,65.2,76.0,3.9,94.7,73.9,0.5
0.11,0.0,355.0,17.0,65.3,79.0,2.6,62.5,76.7,0.1
0.21,0.0,643.0,15.4,71.1,59.0,1.3,32.4,72.5,0.1
0.19,0.0,584.0,16.7,65.3,78.0,3.2,77.8,72.9,0.1
0.22,0.0,535.0,18.4,76.3,59.0,3.2,77.2,73.8,0.1
0.22,0.0,641.0,16.0,66.2,73.0,4.6,109.6,67.23368450150501,0.12
0.23,0.0,640.0,15.8,67.1,70.0,3.8,92.1,67.23368450150501,0.01
0.22,0.0,597.0,17.4,73.7,61.0,2.5,59.3,80.7,0.1
0.31,0.0,594.0,8.2,84.5,20.0,4.9,118.3,71.2,0.1
0.24,0.0,617.0,17.3,75.5,57.0,4.4,105.0,67.23368450150501,0.1
0.34,0.0,723.0,19.7,90.9,40.0,7.6,183.3,92.1,1.0
0.35,0.0,627.0,13.6,94.5,25.0,7.4,178.4,86.0,2.0
0.27,0.0,614.0,12.7,75.6,42.0,5.1,122.3,74.8,1.0
0.31,0.0,607.0,14.0,91.5,28.0,5.8,138.7,85.4,0.1
0.15,0.02,499.0,17.2,64.0,84.0,2.2,53.0,70.3,0.01
0.18,0.0,507.0,17.5,70.7,68.0,3.6,85.4,82.4,0.1
0.27,0.0,572.0,17.9,90.3,37.0,4.9,118.2,84.5,0.1
0.25,0.0,606.0,20.8,87.3,47.0,3.6,85.7,84.4,0.1
0.17,0.01,520.0,17.0,65.6,79.0,3.8,90.9,70.0,0.01
0.17,0.0,476.0,17.0,70.7,66.0,2.6,62.6,81.3,0.5
0.19,0.0,594.0,16.8,67.2,74.0,3.3,79.4,73.8,0.01
0.2,0.0,549.0,19.0,71.8,72.0,2.8,67.2,73.4,0.01
0.27,0.0,581.0,16.6,89.6,35.0,3.7,87.9,85.4,0.1
0.27,0.0,581.0,16.6,89.6,35.0,3.7,87.9,85.4,1.0
0.22,0.0,609.0,16.5,78.5,50.0,1.3,32.1,72.9,0.01
0.07,0.0,207.0,16.5,79.0,49.0,1.3,30.5,73.3,1.0
0.25,0.0,568.0,14.0,80.8,39.0,3.3,78.1,81.8,0.1
0.23,0.0,496.0,21.0,92.0,41.0,3.2,77.7,85.9,0.01
0.28,0.0,629.0,14.0,84.0,35.0,4.3,103.3,76.4,0.01
0.24,0.1,599.0,12.0,70.8,46.0,4.5,109.0,62.5,0.5
0.19,0.0,537.0,19.1,68.8,80.0,4.6,109.5,67.23368450150501,0.12
0.21,0.0,586.0,17.1,72.1,64.0,3.9,93.6,83.4,0.25
0.28,0.0,634.0,22.0,86.8,50.0,5.4,129.7,87.6,1.0
0.2,0.0,525.0,15.2,69.3,62.0,4.5,107.6,73.7,0.1
0.27,0.0,563.0,15.7,86.7,36.0,5.3,126.4,83.9,1.0
0.16,0.03,452.0,14.1,62.8,72.0,2.7,63.9,68.4,0.1
0.17,0.0,504.0,14.6,68.7,61.0,2.4,58.4,80.1,0.5
0.19,0.0,587.0,12.1,70.9,47.0,1.3,31.9,71.0,0.01
0.25,0.0,599.0,9.3,84.7,23.0,3.8,90.6,82.7,1.0
0.24,0.0,577.0,12.6,76.6,40.0,3.9,92.7,71.9,0.1
0.23,0.0,581.0,9.5,71.7,36.0,3.3,79.7,69.1,3.0
0.19,0.0,431.0,11.1,70.6,44.0,3.7,89.0,67.23368450150501,0.35
0.19,0.02,460.0,8.1,67.0,36.0,2.4,57.3,65.9,0.5
0.25,0.0,539.0,11.7,78.6,35.0,4.9,116.9,70.5,0.1
0.21,0.03,516.0,19.2,81.4,53.0,3.5,83.6,77.0,0.01
0.25,0.0,546.0,16.7,87.2,38.0,4.0,95.0,75.9,0.17
0.17,0.0,347.0,17.4,81.6,47.0,4.2,100.2,72.3,0.01
0.2,0.0,739.0,20.1,81.5,55.0,3.3,78.9,74.7,0.25
0.12,0.0,353.0,20.3,71.8,76.0,3.7,87.9,75.9,0.1
0.06,0.0,222.0,19.3,66.9,86.0,2.9,68.5,67.23368450150501,0.2
0.07,0.06,246.0,19.4,66.0,54.759777686290654,2.6,62.1,70.2,0.03
0.14,0.0,453.0,19.1,73.2,68.0,1.6,38.2,74.2,1.0
0.12,0.0,299.0,22.1,78.3,67.0,5.6,134.0,82.6,0.2
0.03,0.33,160.0,11.1,51.3,86.0,3.6,87.4,58.7,100.0
0.04,0.0,161.0,18.2,64.8,87.0,4.3,102.9,67.23368450150501,0.2
0.1859794472828611,0.17,304.0,15.8,71.3,60.0,5.7,137.6,74.8,0.1
0.08,0.0,255.0,23.7,77.3,74.0,3.8,90.2,79.6,0.01
0.12,0.0,299.0,22.1,78.3,67.0,5.6,134.0,82.6,1.0
0.08,0.0,255.0,23.7,77.3,74.0,3.8,90.2,79.6,0.1
0.12,0.0,246.0,22.1,78.7,66.0,4.5,109.0,81.6,0.01
0.23,0.0,549.0,14.4,82.0,39.0,4.4,106.8,81.1,0.2
0.18,0.0,528.0,13.5,65.4,63.0,3.6,85.9,69.1,0.08
0.24,0.0,549.0,14.1,81.8,38.0,4.4,104.7,81.3,0.01
0.23,0.0,503.0,13.4,83.2,34.0,4.5,107.0,71.5,0.01
0.2,0.0,503.0,12.2,77.0,38.0,2.3,56.4,70.9,1.0
0.14,0.0,393.0,17.3,75.7,57.0,1.6,37.7,73.7,0.01
0.15,0.0,471.0,18.7,67.3,82.0,2.7,65.1,67.23368450150501,1.0
0.12,0.01,382.0,19.4,67.3,85.0,3.9,93.1,70.1,0.06
0.12,0.02,387.0,17.7,65.1,84.0,3.6,86.1,69.6,0.01
0.19,0.04,501.0,18.4,75.8,60.0,3.2,77.3,78.0,0.1
0.18,0.0,523.0,7.9,59.0,46.0,3.1,74.8,57.6,0.1
0.18,0.0,487.0,16.9,81.4,46.0,1.2,29.6,73.2,0.01
0.2,0.0,497.0,13.5,79.2,40.0,3.1,73.6,67.23368450150501,0.12
0.2,0.0,482.0,18.3,83.2,47.0,4.2,99.7,73.8,0.25
0.16,0.0,468.0,16.9,67.8,73.0,2.6,63.5,67.23368450150501,0.2
0.2,0.0,494.0,16.0,81.6,44.0,3.3,79.6,73.7,1.0
0.22,0.0,514.0,10.8,78.4,33.0,5.1,121.3,75.8,0.1
0.22,0.0,489.0,12.6,77.1,40.0,5.0,121.2,71.6,0.1
0.11,0.02,355.0,18.1,64.4,88.0,3.4,81.7,69.0,0.01
0.14,0.0,443.0,16.3,65.5,76.0,2.9,68.7,67.23368450150501,0.02
0.15,0.0,440.0,16.8,69.5,68.0,2.4,57.3,78.5,21.0
0.15,0.0,440.0,16.8,69.5,68.0,2.4,57.3,78.5,21.0
0.15,0.0,440.0,16.8,69.5,68.0,2.4,57.3,78.5,0.1
0.15,0.0,440.0,16.8,69.5,68.0,2.4,57.3,78.5,0.1
0.22,0.0,509.0,14.9,86.3,35.0,3.8,92.1,82.3,0.2
0.16,0.0,478.0,15.2,65.8,70.0,3.6,86.8,67.23368450150501,0.25
0.22,0.01,495.0,9.6,75.7,32.0,4.3,103.1,71.2,0.6
0.16,0.0,480.0,14.3,73.6,50.0,1.4,33.8,71.6,0.01
0.18,0.0,445.0,14.6,74.3,50.0,4.5,108.3,71.3,0.01
0.13,0.01,363.0,17.1,66.4,77.0,4.5,108.1,68.2,0.1
0.16,0.0,480.0,14.3,73.6,50.0,1.4,33.8,71.6,0.01
0.18,0.0,485.0,13.0,69.0,54.0,3.6,87.3,77.9,0.1
0.16,0.0,448.0,14.7,71.0,57.0,4.0,95.1,70.5,0.01
0.15,0.0,465.0,11.0,70.8,43.0,1.1,25.3,70.1,0.12
0.14,0.0,401.0,17.4,67.7,75.0,3.9,94.5,73.2,0.1
0.14,0.0,446.0,20.5,70.3,81.0,3.7,88.9,75.5,0.01
0.04,0.08,209.0,7.9,42.4,86.0,3.8,90.2,53.8,0.1
0.11,0.01,350.0,13.7,59.2,80.0,4.8,115.5,69.9,0.01
0.1,0.02,313.0,12.3,59.4,71.0,3.1,74.1,65.1,0.01
0.05,0.15,167.0,17.2,65.9,79.0,4.7,113.1,74.0,0.01
0.07,0.03,267.0,14.4,58.9,85.0,4.3,104.4,68.2,0.01
0.09,0.34,328.0,16.7,64.1,82.0,1.8,43.5,69.0,1.0
0.13,0.0,401.0,14.7,65.4,69.0,3.4,81.3,68.5,0.1
0.08,0.0,228.0,14.3,63.5,71.0,3.6,86.0,67.23368450150501,0.11
0.08,0.0,344.0,6.8,41.7,76.0,2.8,67.4,52.1,0.1
0.16,0.16,452.0,15.6,68.5,66.0,3.6,85.3,73.8,0.5
0.17,0.0,454.0,15.6,67.2,68.0,4.6,110.5,67.8,0.01
0.19,0.03,429.0,13.9,78.0,42.0,3.8,91.9,74.4,29.6
0.19,0.03,429.0,13.9,78.0,42.0,3.8,91.9,74.4,50.0
0.09,0.0,217.0,15.6,67.8,67.0,2.8,68.0,67.23368450150501,1.0
0.2,0.0,456.0,0.2,77.5,54.759777686290654,4.8,115.8,71.5,0.25
0.19,0.0,421.0,13.2,74.2,46.0,5.1,122.2,68.2,0.01
0.15,0.0,362.0,15.9,67.8,68.0,4.4,106.4,69.6,1.0
0.21,0.0,431.0,13.2,84.3,33.0,4.3,104.1,75.1,1.0
0.17,0.0,402.0,17.2,80.8,48.0,3.9,92.8,76.0,0.5
0.13,0.0,447.0,17.1,65.7,79.0,2.3,55.7,67.23368450150501,0.01
0.2,0.0,446.0,10.5,82.6,28.0,3.2,75.9,67.23368450150501,0.25
0.18,0.0,445.0,16.6,83.2,54.759777686290654,3.5,84.7,72.7,0.5
0.15,0.0,420.0,10.5,79.5,31.0,1.0,25.2,69.7,0.1
0.2,0.0,430.0,11.1,78.8,33.0,4.3,104.1,70.4,0.01
0.14,0.0,371.0,20.9,78.6,62.0,1.8,44.3,76.8,0.01
0.14,0.0,408.0,17.7,79.9,51.0,1.4,32.8,70.5,0.2
0.11,0.0,301.0,18.2,75.6,60.0,2.5,59.9,67.23368450150501,0.25
0.11,0.0,329.0,19.3,77.2,61.0,1.3,30.7,71.3,0.25
0.02,0.0,118.0,18.2,63.4,91.0,3.0,71.4,67.23368450150501,0.1
0.13,0.0,409.0,18.5,71.0,71.0,2.3,55.4,67.23368450150501,0.12
0.07,0.0,255.0,16.5,62.9,84.0,3.8,90.3,67.23368450150501,0.1
0.15,0.0,352.0,18.6,80.8,52.0,5.4,128.6,78.2,0.01
0.08,0.0,239.0,18.0,70.5,71.0,4.4,105.6,73.1,100.0
0.07,0.0,216.0,14.1,66.4,64.0,3.9,92.4,71.8,0.01
0.08,0.012056074766355139,279.0,12.120135057471265,65.1,54.759777686290654,4.168932400665099,100.04498308583224,69.9,0.1
0.09,0.01,277.0,14.5,61.6,78.0,4.5,106.8,69.8,0.01
0.1,0.0,363.0,14.1,65.2,66.0,1.4,34.3,69.5,0.01
0.1,0.01,318.0,15.7,63.1,79.0,3.0,72.9,65.7,1.0
0.17,0.0,420.0,1.5,67.4,7.0,5.0,120.0,69.3,0.1
0.1,0.0,374.0,17.6,67.3,77.0,1.6,38.5,68.8,0.01
0.1,0.0,347.0,14.5,66.1,66.0,1.3,30.7,68.0,0.01
0.12,0.0,383.0,17.2,73.9,60.0,2.1,51.2,77.2,1.0
0.12,0.0,383.0,17.2,73.9,60.0,2.1,51.2,77.2,323.0
0.11,0.0,365.0,13.6,68.2,58.0,1.3,31.8,67.9,1.0
0.11,0.0,426.0,5.3,43.1,56.0,3.2,76.3,49.6,0.1
0.13,0.0,327.0,13.2,70.2,52.0,3.4,80.9,67.2,0.12
0.1,0.0,254.0,13.3,70.1,53.0,3.6,87.5,74.9,1.0
0.1,0.0,241.0,11.0,68.9,46.0,3.3,78.9,66.8,0.1
0.24,0.0,353.0,10.1,77.9,31.0,10.7,257.5,72.3,0.2
0.12,0.02,315.0,11.3,62.7,58.0,4.9,116.7,67.23368450150501,1.0
0.12,0.02,315.0,11.3,62.7,58.0,4.9,116.7,67.23368450150501,0.01
0.18,0.0,278.0,9.5,77.5,29.0,6.5,156.1,70.8,0.01
0.13,0.0,356.0,13.0,70.6,51.0,3.5,84.3,67.6,0.1
0.1,0.0,231.0,10.4,62.3,54.0,4.4,105.1,67.23368450150501,1.0
0.19,0.0,401.0,3.7,75.2,13.0,5.6,135.6,67.23368450150501,0.1
0.14,0.0,413.0,8.2,68.9,34.0,3.1,75.3,66.3,0.1
0.0,0.28,61.0,13.1,53.6,93.0,3.8,91.1,67.23368450150501,0.12
0.17,0.0,380.0,12.0,68.5,50.0,7.3,174.5,70.4,1.0
0.01,0.51,57.0,10.9,49.9,89.0,2.1,50.8,67.23368450150501,0.1
0.09,0.0,305.0,9.7,53.7,69.0,5.4,130.6,61.3,0.1
0.06,0.0,290.0,5.1,34.6,75.0,3.8,90.9,49.9,0.1
0.1,0.0,360.0,8.8,54.1,62.0,3.0,71.2,61.1,1.0
0.09,0.0,306.0,9.9,53.8,70.0,3.5,83.5,61.3,1.0
0.12,0.0,369.0,4.9,53.0,36.0,4.3,102.4,61.2,0.01
0.13,0.0,107.0,5.9,61.0,32.0,4.4,105.0,63.6,1.0
0.16,0.0,372.0,4.3,64.4,21.0,5.8,139.1,62.6,0.01
0.12,0.0,246.0,4.1,61.7,22.0,3.4,82.6,58.3,1.0
0.16,0.0,371.0,3.7,60.2,21.0,5.6,133.5,60.0,0.05
0.16,0.0,377.0,4.6,67.3,20.0,5.4,128.4,62.8,0.01
0.1,0.0,352.0,3.7,62.2,20.0,1.1,26.1,56.9,11.0
0.12,0.0,375.0,4.0,61.1,22.0,2.7,63.8,65.5,11.0
0.05,0.0,132.0,7.8,52.0,59.0,5.5,130.9,54.6,0.1
0.07,0.0,240.0,9.5,55.8,62.0,3.8,90.8,65.7,1.0
0.06,0.0,248.0,9.3,53.0,68.0,1.3,31.8,57.8,0.01
0.11,0.0,342.0,5.8,58.2,35.0,3.5,84.1,60.3,1.0
0.11,0.0,342.0,5.8,58.2,35.0,3.5,84.1,60.3,0.01
0.11,0.0,369.0,6.1,56.3,40.0,3.8,90.6,63.6,0.02
0.11,0.0,369.0,6.1,56.3,40.0,3.8,90.6,63.6,0.02
0.11,0.0,340.0,6.7,56.4,43.0,3.9,94.4,61.0,1.0
0.1,0.0,355.0,5.8,50.3,47.0,4.0,95.4,58.8,9.0
0.09,0.0,330.0,4.2,52.4,31.0,1.9,45.3,54.5,0.01
0.16,0.0,343.0,4.4,60.2,25.0,6.8,162.3,62.5,1.0
0.1,0.01,280.0,6.4,54.3,45.0,4.2,100.5,56.3,0.02
0.15,0.0,335.0,5.9,66.4,27.0,6.5,156.2,59.6,0.01
0.15,0.0,328.0,4.5,69.4,18.0,4.6,110.8,57.5,0.1
0.15,0.0,328.0,4.5,69.4,18.0,4.6,110.8,57.5,0.1
0.15,0.0,328.0,4.5,69.4,18.0,4.6,110.8,57.5,0.1
0.09,0.0,321.0,4.7,62.0,25.0,1.2,28.8,55.3,0.1
0.13,0.0,315.0,4.3,60.8,24.0,4.6,111.2,55.7,0.01
0.03,0.0,145.0,7.9,48.7,68.0,1.3,30.8,54.6,0.1
0.04,0.0,260.0,3.6,25.1,77.0,2.7,64.0,36.4,0.01
0.06,0.0,224.0,8.6,53.3,62.0,3.8,91.1,58.3,0.01
0.09,0.0,320.0,5.3,49.1,45.0,4.2,100.6,61.2,0.1
0.08,0.0,310.0,6.3,51.8,48.0,3.2,77.0,56.6,0.1
0.09,0.0,393.0,5.0,45.8,47.0,4.3,102.2,52.3,0.01
0.1859794472828611,0.0,341.0,2.6,36.5,36.0,2.3,55.5,50.7,0.1
0.08,0.0,267.0,6.4,50.7,51.0,4.3,102.3,55.2,0.01
0.07,0.0,285.0,6.6,53.3,48.0,1.7,40.0,55.6,0.1
0.06,0.0,125.0,3.0,49.3,25.0,3.3,79.0,50.1,0.1
0.1,0.02,306.0,6.9,54.2,48.0,5.0,119.0,58.9,0.1
0.25,0.0,691.0,8.1,66.3,37.0,4.1,97.7,69.4,156.0
0.21,0.0,623.0,12.5,59.4,72.0,5.2,125.3,61.1,70.0
0.09,0.0,295.0,12.6,58.6,75.0,6.5,156.3,62.8,139.0
0.25,0.0,703.0,10.2,64.1,50.0,5.2,125.6,72.5,7474.0
0.18,0.0,558.0,14.8,63.8,73.0,4.0,96.1,68.4,47.0
0.21,0.0,632.0,16.7,69.1,69.0,2.7,65.3,74.6,45.0
0.26,0.0,507.0,15.4,84.0,39.0,3.5,83.8,78.8,1785.0
0.23,0.0,719.0,17.4,67.6,76.0,2.5,59.1,71.3,1109.0
0.24,0.0,616.0,18.8,73.3,67.0,4.3,103.1,74.5,28.0
0.26,0.0,734.0,8.7,66.3,39.0,6.1,146.1,65.8,8110.0
0.32,0.0,639.0,14.3,89.9,30.0,3.4,80.9,81.9,518.0
0.24,0.01,668.0,19.9,73.3,71.0,3.2,77.2,71.2,150.0
0.27,0.0,685.0,9.2,66.7,41.0,6.9,166.6,63.2,50.0
0.1859794472828611,0.0,557.0,15.0,59.0,88.0,5.1,122.0,64.3,12518.0
0.1859794472828611,0.0,447.0,15.6,60.6,86.0,6.2,147.6,65.4,215.0
0.13,0.0,412.0,16.6,65.2,78.0,3.2,77.7,68.5,4824.0
0.29,0.0,666.0,14.1,83.3,36.0,5.6,135.3,71.5,15.0
0.19,0.0,521.0,5.5,57.7,34.0,4.8,116.3,60.9,1350.0
0.1,0.0,585.0,14.2,58.9,84.0,4.6,109.4,66.6,225.0
0.18,0.0,509.0,14.0,65.8,65.0,4.6,111.0,66.4,14.0
0.2,0.0,617.0,16.5,65.4,77.0,2.3,56.2,63.1,486.0
0.28,0.01,627.0,9.5,78.2,29.0,3.9,93.8,67.0,35.0
0.28,0.0,613.0,16.4,79.4,48.0,5.0,120.5,67.7,10.0
0.35,0.0,649.0,7.9,79.6,23.0,9.4,226.0,72.6,48.0
0.28,0.0,666.0,12.1,72.1,45.0,4.8,115.5,71.5,27.0
0.25,0.0,695.0,16.6,68.9,69.0,3.7,89.1,76.4,25.0
0.21,0.0,665.0,10.3,56.5,66.0,6.4,153.1,68.4,33.0
0.13,0.0,400.0,10.0,55.7,66.0,6.2,148.1,62.4,28.0
0.29,0.0,687.0,12.2,79.4,36.0,4.4,106.4,65.7,153.0
0.24,0.0,753.0,4.7,51.1,37.0,3.5,84.0,53.0,1503.0
0.11,0.0,336.0,11.2,59.1,66.0,5.9,142.2,62.8,760.0
0.27,0.1,674.0,20.9,80.1,54.759777686290654,4.3,102.8,70.1,670.0
0.11,0.0,388.0,15.9,61.4,85.0,3.6,87.4,65.4,55.0
0.17,0.0,550.0,15.3,65.1,72.0,1.0,24.0,70.8,41.0
0.14,0.0,304.0,11.3,68.4,48.0,4.9,118.2,81.1,1200.0
0.28,0.0,680.0,15.2,77.7,47.0,3.9,92.6,68.6,50.0
0.24,0.0,638.0,17.8,72.8,65.0,4.1,99.2,72.7,30.0
0.25,0.0,733.0,8.4,62.3,44.0,4.6,110.9,59.8,13.0
0.15,0.0,508.0,17.6,62.0,93.0,3.8,90.3,69.1,50.0
0.22,0.0,608.0,16.7,68.9,69.0,4.8,116.2,69.6,33.0
0.19,0.0,617.0,15.3,62.0,81.0,3.3,79.5,67.0,58.0
0.22,0.01,621.0,13.5,68.8,56.0,5.1,122.4,70.5,46.0
0.27,0.0,755.0,9.9,66.8,44.0,4.1,97.5,69.2,32.0
0.26,0.0,702.0,11.3,70.8,44.0,3.7,87.8,67.3,10.0
0.3,0.06,691.0,17.4,84.1,44.0,4.1,99.2,71.4,460.0
0.25,0.0,704.0,16.6,69.0,69.0,3.9,94.1,67.23368450150501,50.0
0.31,0.0,681.0,11.6,80.7,32.0,4.1,99.3,69.8,72.0
0.16,0.02,559.0,14.3,55.8,94.0,3.9,93.0,65.3,47.0
0.27,0.0,674.0,31.6,92.2,54.759777686290654,4.7,113.8,76.8,85.0
0.27,0.0,674.0,31.6,92.2,54.759777686290654,4.7,113.8,76.8,20.0
0.31,0.0,801.0,9.7,78.0,30.0,9.5,227.4,71.1,63.0
0.27,0.0,738.0,10.8,66.4,49.0,5.5,131.2,65.9,100.0
0.25,0.06,578.0,11.8,82.7,31.0,3.7,87.7,76.4,122.0
0.3,0.0,680.0,14.0,81.0,39.0,4.6,111.4,73.1,19.0
0.25,0.0,610.0,16.3,79.3,48.0,4.0,96.5,79.8,1044.0
0.34,0.0,774.0,15.0,96.6,25.0,3.8,90.4,84.9,62.0
0.04,0.0,251.0,18.3,67.7,79.0,3.5,84.2,72.1,2662.0
0.2,0.0,563.0,17.7,69.4,72.0,2.7,64.3,71.3,105.0
0.21,0.0,486.0,13.1,76.7,42.0,2.4,58.0,69.0,74.0
0.1859794472828611,0.0,485.0,16.4,62.8,84.0,4.9,117.0,67.23368450150501,444.0
0.27,0.0,552.0,14.1,89.4,30.0,4.0,95.5,84.2,35.0
0.04,0.0,251.0,18.3,67.7,79.0,3.5,84.2,72.1,9217.0
0.23,0.0,516.0,14.3,77.1,45.0,4.5,107.1,73.6,23.0
0.24,0.0,533.0,17.8,83.9,45.0,4.3,103.8,86.5,183.0
0.2,0.0,477.0,12.6,73.6,45.0,3.5,84.1,85.4,184.0
0.11,0.0,361.0,17.4,68.5,73.0,3.3,78.1,80.8,50.0
0.1,0.0,336.0,14.8,60.9,81.0,3.4,81.3,68.8,281893.0
0.09,0.01,320.0,13.3,59.9,76.0,3.1,75.4,66.0,15619.0
0.09,0.0,296.0,12.6,59.7,72.0,4.8,115.8,61.3,6049.0
0.1,0.0,354.0,13.6,61.6,73.0,2.8,67.3,62.9,422.0
0.08,0.0,269.0,12.0,60.8,66.0,3.1,75.2,56.9,300.0
0.1859794472828611,0.0,272.0,14.6,60.5,81.0,1.0,24.0,58.1,14.0
0.03,0.0,508.52555351611795,0.0,66.41848091800637,54.759777686290654,4.1,99.1,67.23368450150501,14.0
0.12,0.0,260.0,6.3,71.8,24.0,3.4,81.3,60.2,45.0
0.19,0.0,481.0,6.8,59.3,39.0,7.8,186.5,62.0,15.0
0.14,0.0,479.0,12.4,58.0,76.0,5.1,122.9,58.5,18.0
0.08,0.02,316.0,11.2,56.1,73.0,3.5,84.4,62.7,300.0
0.16,0.0,0.0,13.5,52.7,99.0,1.4,32.5,61.2,70.0
0.18,0.0,531.0,14.4,65.2,68.0,3.9,92.7,61.8,15.0
0.26,0.0,614.0,9.0,75.7,30.0,6.5,155.9,63.0,18.0
0.19,0.0,681.0,7.6,48.3,66.0,4.2,101.0,63.0,60.0
0.21,0.0,620.0,5.6,56.0,36.0,5.1,121.6,61.6,1261.0
0.28,0.0,666.0,8.6,75.8,28.0,5.1,123.2,73.0,10.0
0.18,0.0,607.0,11.7,60.2,66.0,1.0,25.2,62.6,175.0
0.21,0.0,304.0,12.8,66.2,58.0,2.7,64.9,61.3,10.0
0.29,0.0,156.0,6.6,77.1,21.0,3.9,93.4,62.3,11.0
0.27,0.0,668.0,9.6,73.2,34.0,4.0,95.6,61.3,17.0
0.25,0.01,691.0,14.1,68.0,60.0,4.7,111.7,65.4,38.0
0.24,0.0,713.0,11.2,64.0,55.0,3.3,79.9,66.0,10.0
0.25,0.0,703.0,11.1,70.3,44.0,3.4,81.0,63.3,12.0
0.05,0.0,235.0,12.5,59.2,73.0,1.1,25.6,64.9,155.0
0.09,0.0,328.0,13.1,60.3,73.0,2.4,58.5,65.6,20.0
0.19,0.0,646.0,10.4,53.9,73.0,3.3,78.7,64.9,60.0
0.1859794472828611,0.0,513.0,12.6,57.2,79.0,3.5,83.3,61.7,10.0
0.2,0.0,707.0,12.8,56.1,84.0,5.2,124.2,64.7,260.0
0.32,0.0,720.0,12.6,79.0,37.0,4.8,114.6,80.3,95.0
0.15,0.0,473.0,10.2,58.8,60.0,4.9,117.7,68.8,33.0
0.11,0.0,410.0,14.9,60.7,82.0,2.6,63.2,70.1,113.0
0.15,0.0,505.0,10.6,57.8,54.759777686290654,3.4,80.4,71.2,28.0
0.23,0.0,703.0,15.4,66.1,70.0,2.8,67.3,69.1,128.0
0.31,0.0,707.0,19.9,86.3,46.0,5.7,137.3,75.5,40.0
0.26,0.0,720.0,16.8,69.3,69.0,4.5,108.6,74.1,365.0
0.22,0.01,641.0,14.9,64.8,71.0,3.0,72.1,70.0,207.0
0.22,0.0,618.0,15.3,66.41848091800637,54.759777686290654,3.7,88.5,68.8,23136.0
0.06,0.0,224.0,24.1,75.9,79.0,3.1,75.0,78.4,250.0
0.25,0.0,652.0,22.5,76.6,72.0,3.9,92.6,80.3,100.0
0.27,0.0,626.0,17.1,79.1,51.0,5.7,136.7,74.7,10.0
0.28,0.0,632.0,20.1,85.4,48.0,4.4,106.5,78.3,32.0
0.0,0.0,0.0,15.5,73.1,56.0,3.0,71.7,82.8,36.0
0.27,0.0,593.0,16.5,84.1,41.0,4.0,94.9,77.6,125.0
0.25,0.0,569.0,16.8,80.0,48.0,4.0,95.9,77.3,166.0
0.26,0.0,631.0,18.9,76.2,61.0,5.1,122.5,87.8,25.0
0.2,0.0,547.0,22.2,74.3,54.759777686290654,2.9,70.1,72.4,51.0
0.26,0.0,646.0,12.3,74.8,42.0,4.5,107.6,68.9,3380.0
0.13,0.03,471.0,13.6,57.8,83.0,2.6,62.0,64.5,58.0
0.13,0.0,450.0,15.7,64.1,77.0,2.3,55.2,67.0,4531.0
0.12,0.0,421.0,14.3,64.6,69.0,1.0,24.0,71.9,96949.0
0.06,0.07,231.0,16.3,63.9,80.0,1.0,24.0,71.3,186.0
0.16,0.0,460.0,6.3,63.5,32.0,3.6,86.3,67.7,150.0
0.21,0.0,657.0,10.8,61.4,58.0,4.8,115.6,64.7,22.0
0.25,0.0,669.0,9.1,75.4,30.0,3.2,77.0,64.2,130.0
0.16,0.0,480.0,17.3,67.1,76.0,5.7,136.5,62.8,26.0
0.33,0.0,674.0,11.1,72.6,41.0,11.5,276.9,68.1,55.0
0.1859794472828611,0.0,671.0,11.6,69.8,47.0,8.3,199.6,82.5,45.0
0.1,0.02,368.0,11.9,54.3,83.0,3.9,92.7,63.8,120.0
0.23,0.0,674.0,14.4,65.8,66.0,3.4,81.2,62.6,20.0
0.2,0.0,674.0,15.0,62.5,78.0,3.9,94.5,69.4,28.0
0.3,0.0,676.0,13.9,88.1,54.759777686290654,4.2,100.2,81.5,20.0
0.38,0.0,741.0,13.0,98.1,21.0,6.7,160.5,72.2,80.0
0.25,0.0,668.0,16.2,72.0,60.0,4.7,113.6,72.8,96.0
0.11,0.0,371.0,16.3,62.5,85.0,3.9,92.6,68.3,131.0
0.1859794472828611,0.0,573.0,15.1,61.1,82.0,3.7,88.6,72.5,95.0
0.25,0.0,743.0,16.6,70.3,66.0,4.2,100.8,71.2,156.0
0.23,0.0,724.0,16.5,65.8,76.0,3.9,94.0,75.2,448.0
0.24,0.0,681.0,20.3,75.0,68.0,3.7,88.3,78.4,25.0
0.31,0.0,682.0,7.1,81.5,19.0,5.3,126.8,71.7,15.0
0.22,0.0,562.0,18.1,76.8,57.0,3.1,74.7,74.7,1926.0
0.26,0.0,685.0,15.7,75.0,53.0,3.9,92.8,75.0,250.0
0.23,0.0,640.0,16.0,66.5,72.0,4.6,109.4,81.8,200.0
0.26,0.0,622.0,11.2,76.1,37.0,3.6,86.9,73.2,34.0
0.33,0.0,710.0,12.0,84.8,29.0,4.8,115.1,71.6,520.0
0.26,0.0,608.0,9.3,72.6,34.0,4.7,112.9,72.8,98.0
0.26,0.0,621.0,12.0,82.9,31.0,3.8,92.0,88.7,19.0
0.16,0.0,443.0,16.3,69.4,66.0,5.1,122.9,75.4,350.0
0.13,0.0,364.0,15.2,66.0,69.0,4.3,102.6,68.7,8799.0
0.16,0.0,510.0,17.4,65.9,80.0,3.2,76.2,69.1,91.0
0.19,0.0,560.0,15.9,66.5,72.0,4.1,98.6,71.9,200.0
0.17,0.0,500.0,20.6,74.2,71.0,2.8,66.7,77.8,10.0
0.2,0.0,501.0,11.4,74.8,39.0,3.0,72.1,71.6,11.0
0.17,0.0,540.0,19.3,69.3,79.0,3.2,76.1,69.3,42.0
0.18,0.01,539.0,8.5,57.1,54.0,3.7,87.7,55.1,145.0
0.06,0.03,225.0,18.6,65.4,87.0,3.4,80.7,69.5,745.0
0.16,0.0,501.0,10.5,58.5,63.0,3.6,87.3,69.9,1806.0
0.15,0.0,528.0,10.6,61.0,58.0,3.1,73.4,67.3,328.0
0.16,0.0,529.0,12.5,60.8,69.0,5.0,119.3,70.3,50.0
0.12,0.0,521.0,6.6,41.1,76.0,1.9,45.4,52.6,200.0
0.16,0.06,502.0,10.8,59.3,63.0,3.7,89.7,61.5,9999.0
0.14,0.0,380.0,10.1,67.9,43.0,2.5,59.1,67.2,3126.0
